id,login,name,email,gender
1,Kaila,Sawfoot,ksawfoot0@jigsy.com,Polygender
2,Alister,Sammons,asammons1@i2i.jp,Agender
3,Sada,Dallaway,sdallaway2@themeforest.net,Bigender
4,Nessie,Pendle,npendle3@stanford.edu,Agender
5,Gerhardt,Futty,gfutty4@boston.com,Male
6,Clerkclaude,Blowin,cblowin5@marriott.com,Bigender
7,Gregor,Mucci,gmucci6@hhs.gov,Bigender
8,Rene,Charke,rcharke7@sfgate.com,Female
9,Jessey,Dearing,jdearing8@businesswire.com,Genderqueer
10,Janeen,MacRirie,jmacririe9@github.io,Polygender
11,Licha,Lowre,llowrea@google.es,Agender
12,Felicdad,Winders,fwindersb@jigsy.com,Genderfluid
13,Walt,O'Cahsedy,wocahsedyc@canalblog.com,Genderqueer
14,Alanson,Trye,atryed@businesswire.com,Polygender
15,Carolyn,Donnell,cdonnelle@zdnet.com,Female
16,Lynnet,Carabet,lcarabetf@typepad.com,Female
17,Mendel,Prandy,mprandyg@loc.gov,Female
18,Joannes,Biggen,jbiggenh@theatlantic.com,Polygender
19,Dyanne,Wolford,dwolfordi@guardian.co.uk,Genderqueer
20,Eada,Jerratsch,ejerratschj@apple.com,Genderfluid
21,Lennard,Gentsch,lgentschk@list-manage.com,Male
22,Jeffie,Skellern,jskellernl@utexas.edu,Genderqueer
23,Yevette,Shinn,yshinnm@theguardian.com,Non-binary
24,Karlee,Littlemore,klittlemoren@harvard.edu,Genderfluid
25,Wynny,Alyokhin,walyokhino@hibu.com,Bigender
26,Abbi,Pitrelli,apitrellip@macromedia.com,Genderfluid
27,Vladamir,Foli,vfoliq@blinklist.com,Polygender
28,Alwin,Suthren,asuthrenr@g.co,Bigender
29,Margret,Hardi,mhardis@weebly.com,Bigender
30,Yurik,Berzins,yberzinst@g.co,Female
31,Fay,Nickless,fnicklessu@economist.com,Agender
32,Kimmy,Keford,kkefordv@whitehouse.gov,Male
33,Shirley,Ridgley,sridgleyw@weibo.com,Bigender
34,Marcellus,Duffield,mduffieldx@sitemeter.com,Agender
35,Jereme,Prestidge,jprestidgey@sina.com.cn,Male
36,Thornton,Harvey,tharveyz@seattletimes.com,Genderfluid
37,Christie,Sealey,csealey10@oracle.com,Genderfluid
38,Roderigo,Dix,rdix11@mozilla.com,Genderqueer
39,Filberto,Little,flittle12@myspace.com,Non-binary
40,Ivie,Giacoboni,igiacoboni13@squarespace.com,Polygender
41,Carina,Maus,cmaus14@trellian.com,Male
42,Michel,Krolle,mkrolle15@is.gd,Genderfluid
43,Corrianne,Eakin,ceakin16@forbes.com,Genderfluid
44,Rancell,Moorcroft,rmoorcroft17@kickstarter.com,Non-binary
45,Berry,Ganniclifft,bganniclifft18@comsenz.com,Female
46,Mathilde,Matterface,mmatterface19@friendfeed.com,Agender
47,Pandora,Gillison,pgillison1a@rediff.com,Agender
48,Timmie,Bowller,tbowller1b@hatena.ne.jp,Bigender
49,Terry,Paudin,tpaudin1c@adobe.com,Female
50,Harli,Braidman,hbraidman1d@vimeo.com,Polygender
51,Izzy,Dur,idur1e@blogger.com,Genderfluid
52,Veronika,Blaik,vblaik1f@vimeo.com,Female
53,Daria,Hinkley,dhinkley1g@nsw.gov.au,Polygender
54,Valle,Crichley,vcrichley1h@bigcartel.com,Polygender
55,Alden,Pillifant,apillifant1i@deliciousdays.com,Male
56,Alfy,Bradneck,abradneck1j@ed.gov,Polygender
57,Rosamond,Stambridge,rstambridge1k@princeton.edu,Genderqueer
58,Wilfrid,Leakner,wleakner1l@dropbox.com,Bigender
59,Tomlin,Bussey,tbussey1m@histats.com,Genderfluid
60,Nani,Kasperski,nkasperski1n@irs.gov,Male
61,Henri,Peres,hperes1o@newsvine.com,Genderqueer
62,Nessy,Collcott,ncollcott1p@csmonitor.com,Genderqueer
63,Clementine,Jeffreys,cjeffreys1q@mlb.com,Agender
64,Emmanuel,Stearns,estearns1r@salon.com,Agender
65,Aguste,Olliff,aolliff1s@theatlantic.com,Bigender
66,Horace,Spencley,hspencley1t@hostgator.com,Polygender
67,Trista,Chapelhow,tchapelhow1u@springer.com,Non-binary
68,Morten,Johnston,mjohnston1v@nyu.edu,Male
69,Hyacinthie,Dunks,hdunks1w@scientificamerican.com,Polygender
70,Godfry,Nattrass,gnattrass1x@aboutads.info,Bigender
71,Corry,Lytlle,clytlle1y@intel.com,Genderqueer
72,Fanchon,Sibray,fsibray1z@clickbank.net,Non-binary
73,Fae,Galpin,fgalpin20@xinhuanet.com,Genderfluid
74,Herman,Threadgill,hthreadgill21@scribd.com,Male
75,Angelina,Brayshay,abrayshay22@bigcartel.com,Non-binary
76,Eduard,Adamowitz,eadamowitz23@1688.com,Agender
77,Guenna,Cavilla,gcavilla24@cam.ac.uk,Agender
78,Cristin,Baythorp,cbaythorp25@weather.com,Non-binary
79,Dorree,Kield,dkield26@hugedomains.com,Non-binary
80,Cathi,Schwandner,cschwandner27@shareasale.com,Genderqueer
81,Parnell,Creddon,pcreddon28@weebly.com,Non-binary
82,Joly,Genner,jgenner29@economist.com,Agender
83,Terri-jo,Dansken,tdansken2a@amazonaws.com,Female
84,Guendolen,Cavet,gcavet2b@nbcnews.com,Polygender
85,Boyd,Neads,bneads2c@is.gd,Genderqueer
86,Jenda,Iggo,jiggo2d@ft.com,Non-binary
87,Tobe,Harvard,tharvard2e@wikispaces.com,Genderfluid
88,Breena,MacGaughey,bmacgaughey2f@google.cn,Genderqueer
89,Adrea,Patry,apatry2g@walmart.com,Genderfluid
90,Sande,Matteau,smatteau2h@oracle.com,Polygender
91,Tarrance,Kobpal,tkobpal2i@pcworld.com,Polygender
92,Mina,Skelton,mskelton2j@mit.edu,Male
93,Horatius,Tesseyman,htesseyman2k@walmart.com,Non-binary
94,Hanan,Biddwell,hbiddwell2l@weibo.com,Genderqueer
95,Curcio,Blazy,cblazy2m@hibu.com,Agender
96,Eula,Ellerey,eellerey2n@php.net,Genderqueer
97,Robenia,Tirone,rtirone2o@sbwire.com,Polygender
98,Cindra,Christofle,cchristofle2p@cdbaby.com,Polygender
99,Antonio,Cecil,acecil2q@xinhuanet.com,Male
100,Nedda,Luciani,nluciani2r@simplemachines.org,Female
101,Rosalynd,Caisley,rcaisley2s@seesaa.net,Female
102,Calida,Spencer,cspencer2t@liveinternet.ru,Genderfluid
103,Lilia,Alexsandrov,lalexsandrov2u@redcross.org,Genderfluid
104,Dimitry,De Mars,ddemars2v@odnoklassniki.ru,Non-binary
105,Magdalene,Lockie,mlockie2w@nymag.com,Agender
106,Fredrika,Nezey,fnezey2x@linkedin.com,Male
107,Myrtie,Laven,mlaven2y@salon.com,Genderqueer
108,Deedee,Pheasey,dpheasey2z@lycos.com,Female
109,Berta,Juhruke,bjuhruke30@lulu.com,Agender
110,Brunhilda,Rowatt,browatt31@census.gov,Genderqueer
111,Fred,Edsell,fedsell32@ovh.net,Genderqueer
112,Carmella,Gonnin,cgonnin33@umich.edu,Agender
113,Hildegarde,Thorby,hthorby34@newsvine.com,Polygender
114,Jayne,Hackett,jhackett35@zdnet.com,Agender
115,Remus,Daveren,rdaveren36@addtoany.com,Female
116,Gray,Coatman,gcoatman37@baidu.com,Female
117,Alisun,Pheby,apheby38@redcross.org,Agender
118,Doralin,Ellingham,dellingham39@goo.gl,Genderfluid
119,Matilda,Rigbye,mrigbye3a@theguardian.com,Genderqueer
120,Damien,Rogers,drogers3b@wikimedia.org,Bigender
121,Robyn,Duckering,rduckering3c@wired.com,Female
122,Joe,MacGoun,jmacgoun3d@ft.com,Bigender
123,Farlie,Durrant,fdurrant3e@unc.edu,Genderqueer
124,Reba,McKerrow,rmckerrow3f@nytimes.com,Agender
125,Bill,Maides,bmaides3g@mtv.com,Genderqueer
126,Brendon,Robbs,brobbs3h@cdc.gov,Agender
127,Nikki,Tother,ntother3i@thetimes.co.uk,Male
128,Ari,Hallifax,ahallifax3j@dropbox.com,Genderqueer
129,Linzy,Dermott,ldermott3k@free.fr,Genderfluid
130,Kinna,Crowhurst,kcrowhurst3l@jigsy.com,Agender
131,Marieann,Flancinbaum,mflancinbaum3m@pbs.org,Agender
132,Claire,Borth,cborth3n@mapquest.com,Polygender
133,Sheridan,LAbbet,slabbet3o@sakura.ne.jp,Non-binary
134,Elsey,Crepin,ecrepin3p@yahoo.com,Male
135,Mariann,Slessor,mslessor3q@free.fr,Polygender
136,Maisey,Crafter,mcrafter3r@prnewswire.com,Genderqueer
137,Gerianna,Capron,gcapron3s@toplist.cz,Polygender
138,Marlow,Whitta,mwhitta3t@weather.com,Genderqueer
139,Scotty,Ondrus,sondrus3u@godaddy.com,Female
140,Merrick,Corwin,mcorwin3v@oakley.com,Genderqueer
141,Decca,Ascough,dascough3w@paypal.com,Bigender
142,Justinian,Flaunier,jflaunier3x@uol.com.br,Genderfluid
143,Therine,Kulvear,tkulvear3y@china.com.cn,Non-binary
144,Meredith,Walles,mwalles3z@jiathis.com,Genderfluid
145,Cos,Ranscome,cranscome40@nhs.uk,Genderqueer
146,Ozzie,Hrinchenko,ohrinchenko41@nyu.edu,Genderfluid
147,Gene,Daly,gdaly42@indiegogo.com,Genderfluid
148,Patricio,Crone,pcrone43@fotki.com,Genderqueer
149,Karlis,Trussler,ktrussler44@dropbox.com,Polygender
150,Casi,Powdrell,cpowdrell45@goo.gl,Non-binary
151,Lurette,Ruzicka,lruzicka46@tripadvisor.com,Bigender
152,Carmela,Wolledge,cwolledge47@dell.com,Genderfluid
153,Ambros,Dinnis,adinnis48@rakuten.co.jp,Genderqueer
154,Danella,McHenry,dmchenry49@over-blog.com,Polygender
155,Yolanthe,Glynn,yglynn4a@ed.gov,Agender
156,Marina,Greguoli,mgreguoli4b@illinois.edu,Female
157,Sarina,O'Conor,soconor4c@rakuten.co.jp,Non-binary
158,Jeannette,Audry,jaudry4d@g.co,Male
159,Thomasina,Abby,tabby4e@shinystat.com,Bigender
160,Maisie,Standall,mstandall4f@e-recht24.de,Polygender
161,Stewart,Scully,sscully4g@cpanel.net,Male
162,Jessie,De Brett,jdebrett4h@tinyurl.com,Agender
163,Pate,Bracchi,pbracchi4i@chronoengine.com,Male
164,Babette,Kellick,bkellick4j@behance.net,Bigender
165,Kayla,Impy,kimpy4k@adobe.com,Bigender
166,Elwood,Pech,epech4l@free.fr,Male
167,Katrina,Cheke,kcheke4m@phpbb.com,Agender
168,Adolpho,Buxton,abuxton4n@chronoengine.com,Genderfluid
169,Bernetta,Pastor,bpastor4o@people.com.cn,Female
170,Uta,Ausello,uausello4p@chronoengine.com,Genderqueer
171,Kenyon,Menelaws,kmenelaws4q@booking.com,Genderfluid
172,Binny,Sephton,bsephton4r@prweb.com,Agender
173,Taite,Pitcock,tpitcock4s@oaic.gov.au,Non-binary
174,Stanleigh,Shelsher,sshelsher4t@ucoz.com,Agender
175,Mariana,Inglese,minglese4u@homestead.com,Agender
176,Patsy,Salkild,psalkild4v@blinklist.com,Non-binary
177,Berna,Robben,brobben4w@xrea.com,Polygender
178,Manfred,Foxcroft,mfoxcroft4x@macromedia.com,Bigender
179,Prisca,Swinnard,pswinnard4y@wunderground.com,Polygender
180,Carina,Klimczak,cklimczak4z@epa.gov,Bigender
181,Hillary,Tremelling,htremelling50@youtube.com,Female
182,Astrid,Lantaph,alantaph51@skyrock.com,Genderfluid
183,Shayla,Kensit,skensit52@sitemeter.com,Female
184,Ramona,Darlington,rdarlington53@wiley.com,Non-binary
185,Dorie,Ertel,dertel54@taobao.com,Bigender
186,Christean,Artz,cartz55@globo.com,Female
187,Corena,Spondley,cspondley56@1und1.de,Genderqueer
188,Ettore,Kings,ekings57@nytimes.com,Polygender
189,Arabella,Arnaldy,aarnaldy58@purevolume.com,Agender
190,Ennis,Gillyett,egillyett59@google.com,Polygender
191,Debee,Riditch,driditch5a@amazon.co.jp,Female
192,Mace,Sewall,msewall5b@netvibes.com,Female
193,Harmony,Dearan,hdearan5c@exblog.jp,Female
194,Ermentrude,Hardson,ehardson5d@xrea.com,Genderqueer
195,Dwight,Bebb,dbebb5e@ox.ac.uk,Bigender
196,Ray,Murdy,rmurdy5f@free.fr,Bigender
197,Lilah,Tejada,ltejada5g@youtube.com,Polygender
198,Muriel,Murison,mmurison5h@rambler.ru,Genderfluid
199,Tadeas,Ladewig,tladewig5i@themeforest.net,Polygender
200,Mandy,Covotto,mcovotto5j@unblog.fr,Male
201,Clayborn,Jerisch,cjerisch5k@newyorker.com,Non-binary
202,Farah,MacNab,fmacnab5l@t.co,Agender
203,Elfie,Rannie,erannie5m@state.tx.us,Female
204,Ewart,Anfusso,eanfusso5n@washington.edu,Polygender
205,Nelly,Wayte,nwayte5o@ycombinator.com,Non-binary
206,Margit,Element,melement5p@networkadvertising.org,Genderfluid
207,Cass,Heffron,cheffron5q@nih.gov,Male
208,Panchito,Darragh,pdarragh5r@yolasite.com,Female
209,Biddie,Hartzenberg,bhartzenberg5s@nytimes.com,Bigender
210,Demetre,Heritege,dheritege5t@histats.com,Polygender
211,Madalena,Skeemor,mskeemor5u@moonfruit.com,Polygender
212,Tamera,Langford,tlangford5v@dot.gov,Non-binary
213,Kenna,Panswick,kpanswick5w@fema.gov,Genderfluid
214,Garrik,Brimblecombe,gbrimblecombe5x@omniture.com,Genderqueer
215,Elston,Kattenhorn,ekattenhorn5y@acquirethisname.com,Genderfluid
216,Corbett,Plummer,cplummer5z@umich.edu,Polygender
217,Alasdair,Ricks,aricks60@soup.io,Non-binary
218,Gale,Gyrgorcewicx,ggyrgorcewicx61@drupal.org,Non-binary
219,Marietta,Arons,marons62@walmart.com,Genderqueer
220,Lothaire,Shillabear,lshillabear63@google.co.uk,Female
221,Jackson,Kleinstein,jkleinstein64@economist.com,Agender
222,Allsun,Keasy,akeasy65@ucoz.com,Male
223,Lynett,Brandt,lbrandt66@vimeo.com,Genderqueer
224,Ronnie,McKevitt,rmckevitt67@nydailynews.com,Agender
225,Nerty,McClaurie,nmcclaurie68@prnewswire.com,Bigender
226,Ginger,Bouttell,gbouttell69@csmonitor.com,Female
227,Avigdor,Bassom,abassom6a@tmall.com,Bigender
228,Thadeus,Pickerell,tpickerell6b@a8.net,Genderqueer
229,Rozele,Overil,roveril6c@google.es,Polygender
230,Toddie,Porritt,tporritt6d@engadget.com,Agender
231,Joy,Harnott,jharnott6e@archive.org,Genderfluid
232,Cacilie,McAvinchey,cmcavinchey6f@meetup.com,Genderfluid
233,Anallese,Fuzzard,afuzzard6g@wp.com,Polygender
234,Butch,Chiese,bchiese6h@163.com,Bigender
235,Royce,Bardell,rbardell6i@aol.com,Female
236,Marina,Bourley,mbourley6j@answers.com,Genderqueer
237,Philippa,Plan,pplan6k@biglobe.ne.jp,Polygender
238,Jenilee,Southerill,jsoutherill6l@uol.com.br,Polygender
239,Chrotoem,Duddy,cduddy6m@techcrunch.com,Male
240,Hurleigh,McGeachy,hmcgeachy6n@sina.com.cn,Non-binary
241,Siegfried,McGuinness,smcguinness6o@deviantart.com,Female
242,Christopher,Maskall,cmaskall6p@archive.org,Genderqueer
243,Stevana,Orum,sorum6q@unesco.org,Genderqueer
244,Issiah,McFarland,imcfarland6r@mozilla.org,Polygender
245,Kippie,Cattermull,kcattermull6s@ning.com,Non-binary
246,Roberto,Watkiss,rwatkiss6t@networksolutions.com,Genderqueer
247,Jemmy,Gatchell,jgatchell6u@istockphoto.com,Agender
248,Read,Locks,rlocks6v@github.com,Genderqueer
249,Gilbertina,Kilius,gkilius6w@princeton.edu,Female
250,Gayle,Wreath,gwreath6x@ed.gov,Non-binary
251,Saundra,Kenvin,skenvin6y@noaa.gov,Bigender
252,Abbi,Ragbourn,aragbourn6z@chronoengine.com,Male
253,Emmott,Bakeup,ebakeup70@netlog.com,Female
254,Pru,Kohnemann,pkohnemann71@barnesandnoble.com,Polygender
255,Theadora,Shearn,tshearn72@virginia.edu,Genderfluid
256,Blinny,McAllaster,bmcallaster73@goo.gl,Genderqueer
257,Godfree,Ealles,gealles74@loc.gov,Female
258,Dylan,Koubek,dkoubek75@bluehost.com,Genderfluid
259,Karim,Sills,ksills76@php.net,Genderfluid
260,Carver,Iacovazzi,ciacovazzi77@youtu.be,Genderfluid
261,Ellery,Cord,ecord78@discuz.net,Female
262,Rosanne,Simeon,rsimeon79@cloudflare.com,Bigender
263,Agnese,Farbrace,afarbrace7a@bloglovin.com,Genderfluid
264,Timi,Montford,tmontford7b@webs.com,Genderfluid
265,Tallulah,Saturley,tsaturley7c@abc.net.au,Non-binary
266,Christal,Filipiak,cfilipiak7d@soup.io,Bigender
267,Aurore,Nabarro,anabarro7e@biblegateway.com,Male
268,Stephenie,Penhallurick,spenhallurick7f@umich.edu,Bigender
269,Tremayne,MacIntyre,tmacintyre7g@imgur.com,Non-binary
270,Pepi,Morl,pmorl7h@meetup.com,Polygender
271,Keane,Sultana,ksultana7i@soundcloud.com,Female
272,Vickie,Pickles,vpickles7j@goo.gl,Non-binary
273,Erina,Gosnoll,egosnoll7k@boston.com,Non-binary
274,Minnaminnie,Minico,mminico7l@columbia.edu,Male
275,Tressa,Croster,tcroster7m@addtoany.com,Polygender
276,Ilise,Craufurd,icraufurd7n@soundcloud.com,Genderfluid
277,Peyton,Brachell,pbrachell7o@utexas.edu,Genderqueer
278,Nickie,Woodstock,nwoodstock7p@spiegel.de,Male
279,Claudell,Capey,ccapey7q@nature.com,Polygender
280,Welch,Simenot,wsimenot7r@lulu.com,Genderqueer
281,Bernhard,Mahmood,bmahmood7s@dyndns.org,Agender
282,Daisi,Valder,dvalder7t@blog.com,Genderfluid
283,Sullivan,Batterson,sbatterson7u@miibeian.gov.cn,Female
284,Koren,Chipp,kchipp7v@biblegateway.com,Agender
285,Colet,Soares,csoares7w@noaa.gov,Agender
286,Emmalyn,Fallon,efallon7x@ow.ly,Genderfluid
287,Todd,Syres,tsyres7y@berkeley.edu,Genderqueer
288,Cary,Atwell,catwell7z@java.com,Genderfluid
289,Roberto,Yakuntsov,ryakuntsov80@ebay.co.uk,Female
290,Zelda,Quan,zquan81@cornell.edu,Bigender
291,Homer,Ribchester,hribchester82@ifeng.com,Agender
292,Arluene,Mellings,amellings83@amazon.co.jp,Genderqueer
293,Ingmar,Code,icode84@slashdot.org,Polygender
294,Xymenes,Stebbing,xstebbing85@nytimes.com,Female
295,Morganica,Shawyers,mshawyers86@gov.uk,Bigender
296,Rudolph,Seleway,rseleway87@free.fr,Genderfluid
297,Aldus,Edwardson,aedwardson88@usa.gov,Non-binary
298,Lainey,Picard,lpicard89@myspace.com,Polygender
299,Althea,Bonin,abonin8a@bing.com,Non-binary
300,Gerome,Aldiss,galdiss8b@cnn.com,Non-binary
301,Bari,Ernke,bernke8c@slate.com,Genderqueer
302,Teddi,Romaint,tromaint8d@delicious.com,Genderfluid
303,Shawna,Brockway,sbrockway8e@instagram.com,Polygender
304,Dur,Patkin,dpatkin8f@ox.ac.uk,Genderfluid
305,Jolynn,Kobpa,jkobpa8g@blogs.com,Polygender
306,Kendra,Grassot,kgrassot8h@t.co,Bigender
307,Catherin,Lazare,clazare8i@odnoklassniki.ru,Agender
308,Melody,Tennant,mtennant8j@who.int,Non-binary
309,Sandy,Seiller,sseiller8k@ft.com,Male
310,Paolina,Martyns,pmartyns8l@uol.com.br,Bigender
311,Jeri,Harmston,jharmston8m@squidoo.com,Polygender
312,Gabi,Wem,gwem8n@godaddy.com,Non-binary
313,Dorey,Matushenko,dmatushenko8o@slate.com,Genderqueer
314,Mendel,Bexon,mbexon8p@narod.ru,Bigender
315,Jaye,Lacey,jlacey8q@tmall.com,Female
316,Aggi,Bothie,abothie8r@abc.net.au,Genderqueer
317,Datha,Breit,dbreit8s@rakuten.co.jp,Bigender
318,Fulvia,Ramelet,framelet8t@hud.gov,Male
319,Kleon,Aberdeen,kaberdeen8u@ft.com,Bigender
320,Nannie,Tyrwhitt,ntyrwhitt8v@utexas.edu,Bigender
321,Sterling,Joannidi,sjoannidi8w@rambler.ru,Agender
322,Phaedra,Carnall,pcarnall8x@liveinternet.ru,Bigender
323,Binny,Umbert,bumbert8y@goodreads.com,Bigender
324,Blaine,Manginot,bmanginot8z@salon.com,Female
325,Thorndike,Fairhall,tfairhall90@123-reg.co.uk,Genderfluid
326,Consalve,McGraw,cmcgraw91@addtoany.com,Bigender
327,Justinn,Grob,jgrob92@earthlink.net,Polygender
328,Juliane,Cridlan,jcridlan93@reuters.com,Female
329,Marissa,Hoffman,mhoffman94@unblog.fr,Polygender
330,Dallas,Vaneschi,dvaneschi95@artisteer.com,Male
331,Rollins,Rowcliffe,rrowcliffe96@exblog.jp,Non-binary
332,Faustine,Pottell,fpottell97@squarespace.com,Polygender
333,Maisey,Watson,mwatson98@apache.org,Non-binary
334,Sidonnie,Carver,scarver99@ameblo.jp,Genderqueer
335,Leeanne,Leitche,lleitche9a@163.com,Polygender
336,Ranique,Tompkins,rtompkins9b@1688.com,Genderqueer
337,Hartley,Bedlington,hbedlington9c@i2i.jp,Non-binary
338,Kylynn,Elan,kelan9d@newyorker.com,Non-binary
339,Carlene,Drewry,cdrewry9e@ycombinator.com,Agender
340,Logan,Whatham,lwhatham9f@jugem.jp,Non-binary
341,Ailis,De Mitri,ademitri9g@nymag.com,Non-binary
342,Rutledge,Kemmet,rkemmet9h@yellowbook.com,Bigender
343,Weston,Noell,wnoell9i@army.mil,Male
344,Reinald,Doldon,rdoldon9j@oakley.com,Male
345,Estell,Keeffe,ekeeffe9k@senate.gov,Female
346,Adham,Fellos,afellos9l@scribd.com,Genderqueer
347,Ariana,Gibbetts,agibbetts9m@bbc.co.uk,Bigender
348,Alwyn,McAline,amcaline9n@zimbio.com,Female
349,Mike,Spratley,mspratley9o@imageshack.us,Non-binary
350,Clevey,Keyzman,ckeyzman9p@eepurl.com,Polygender
351,Nicolle,Auten,nauten9q@si.edu,Genderqueer
352,Taylor,Sleith,tsleith9r@issuu.com,Female
353,Coriss,Ondracek,condracek9s@psu.edu,Bigender
354,Frederique,De Filippis,fdefilippis9t@oaic.gov.au,Non-binary
355,Nerte,Monteaux,nmonteaux9u@scientificamerican.com,Agender
356,Ransom,O'Shirine,roshirine9v@etsy.com,Non-binary
357,Nicoline,Cristea,ncristea9w@scribd.com,Male
358,Evyn,Crysell,ecrysell9x@opensource.org,Genderqueer
359,Gualterio,Sydry,gsydry9y@dot.gov,Agender
360,Giovanna,Izkovici,gizkovici9z@scribd.com,Male
361,Jade,Holdforth,jholdfortha0@slate.com,Male
362,Louella,Sambals,lsambalsa1@cafepress.com,Polygender
363,Salomo,Scohier,sscohiera2@freewebs.com,Genderfluid
364,Michele,Spaxman,mspaxmana3@elpais.com,Bigender
365,Delainey,Ferroni,dferronia4@yale.edu,Male
366,Smitty,Butchard,sbutcharda5@privacy.gov.au,Polygender
367,Win,O'Cosgra,wocosgraa6@altervista.org,Genderqueer
368,Sumner,Methuen,smethuena7@hexun.com,Male
369,Cord,Bligh,cbligha8@biblegateway.com,Female
370,Beauregard,Esch,bescha9@e-recht24.de,Bigender
371,Isabelita,Yarwood,iyarwoodaa@cyberchimps.com,Non-binary
372,Omar,Anstie,oanstieab@globo.com,Polygender
373,Garwood,McCorley,gmccorleyac@buzzfeed.com,Male
374,Padraic,Boraston,pborastonad@ustream.tv,Genderqueer
375,Betty,Di Franceshci,bdifranceshciae@dyndns.org,Genderqueer
376,Gilligan,Lamminam,glamminamaf@mediafire.com,Male
377,Brigitta,Rawstorn,brawstornag@newsvine.com,Polygender
378,Maurene,Ffrench,mffrenchah@yelp.com,Female
379,Hetti,Shellard,hshellardai@ucoz.ru,Agender
380,Pieter,Craze,pcrazeaj@fema.gov,Female
381,Frederick,Filippo,ffilippoak@gravatar.com,Bigender
382,Rhetta,Jacobsz,rjacobszal@java.com,Male
383,Kelli,Woolfenden,kwoolfendenam@amazon.co.uk,Bigender
384,Goldi,Libbe,glibbean@cocolog-nifty.com,Male
385,Roch,O'Hartigan,rohartiganao@bigcartel.com,Bigender
386,Tamara,Ensley,tensleyap@amazon.com,Genderqueer
387,Erina,Tirkin,etirkinaq@constantcontact.com,Genderqueer
388,Stanislaw,Geely,sgeelyar@princeton.edu,Male
389,Allissa,Shulem,ashulemas@tinyurl.com,Bigender
390,Leora,Sciusscietto,lsciussciettoat@tinyurl.com,Non-binary
391,Boris,Mepsted,bmepstedau@1688.com,Female
392,Tabb,Braganza,tbraganzaav@istockphoto.com,Bigender
393,Elfie,Pack,epackaw@arizona.edu,Female
394,Odo,Britzius,obritziusax@macromedia.com,Male
395,Georgie,Hidderley,ghidderleyay@apple.com,Female
396,Shea,Wandtke,swandtkeaz@globo.com,Agender
397,Gerek,Bonwell,gbonwellb0@geocities.jp,Agender
398,Aurel,Havard,ahavardb1@etsy.com,Female
399,Borden,Philipard,bphilipardb2@flickr.com,Agender
400,Bernice,Duffit,bduffitb3@un.org,Bigender
401,Sonja,O'Doherty,sodohertyb4@fda.gov,Agender
402,Elton,Sillito,esillitob5@usatoday.com,Bigender
403,Kennie,Pennigar,kpennigarb6@mediafire.com,Genderqueer
404,Ezekiel,Assender,eassenderb7@networksolutions.com,Genderqueer
405,Shaine,Geard,sgeardb8@economist.com,Agender
406,Marsiella,Seymark,mseymarkb9@wsj.com,Agender
407,Layney,Mattevi,lmatteviba@163.com,Polygender
408,Gnni,Trippitt,gtrippittbb@sohu.com,Genderfluid
409,Keen,Knappen,kknappenbc@berkeley.edu,Non-binary
410,Jeannine,Eva,jevabd@1und1.de,Genderfluid
411,Lynne,Carslaw,lcarslawbe@squarespace.com,Agender
412,Tobias,Gittose,tgittosebf@examiner.com,Female
413,Kelly,Bramsen,kbramsenbg@xing.com,Non-binary
414,Shelli,Kyston,skystonbh@comsenz.com,Non-binary
415,Loutitia,O' Cuolahan,locuolahanbi@dell.com,Female
416,Rowen,Rigge,rriggebj@w3.org,Polygender
417,Jessy,Gatchell,jgatchellbk@dagondesign.com,Male
418,Theo,Parslow,tparslowbl@bloglines.com,Genderfluid
419,Bryn,Kighly,bkighlybm@instagram.com,Agender
420,Mikel,Mannooch,mmannoochbn@sphinn.com,Female
421,Desmund,Feacham,dfeachambo@wired.com,Polygender
422,Alwyn,Lampet,alampetbp@blogtalkradio.com,Male
423,Christa,Minghetti,cminghettibq@microsoft.com,Polygender
424,Miquela,Rubinchik,mrubinchikbr@cnet.com,Male
425,Sallyann,Champley,schampleybs@istockphoto.com,Male
426,Doria,Albasini,dalbasinibt@networksolutions.com,Polygender
427,Christoph,Sopp,csoppbu@ovh.net,Agender
428,Eugenio,Keen,ekeenbv@vk.com,Female
429,Cathee,Ten Broek,ctenbroekbw@globo.com,Non-binary
430,Anallise,Marieton,amarietonbx@vkontakte.ru,Male
431,Eartha,Luckett,eluckettby@tinyurl.com,Polygender
432,Rice,Bertram,rbertrambz@unblog.fr,Bigender
433,Isadore,Van Cassel,ivancasselc0@apple.com,Female
434,Joyce,Maplethorp,jmaplethorpc1@chicagotribune.com,Bigender
435,Euell,Blurton,eblurtonc2@jalbum.net,Male
436,Dorian,Uman,dumanc3@unesco.org,Male
437,Mora,Gounet,mgounetc4@feedburner.com,Non-binary
438,Coretta,Birney,cbirneyc5@sourceforge.net,Agender
439,Drona,Birtwhistle,dbirtwhistlec6@gizmodo.com,Non-binary
440,Hubie,Itzhak,hitzhakc7@blogs.com,Male
441,Marinna,Poulgreen,mpoulgreenc8@independent.co.uk,Agender
442,Briano,Goodbairn,bgoodbairnc9@discuz.net,Non-binary
443,Ashely,Prestage,aprestageca@diigo.com,Female
444,Law,Lawrance,llawrancecb@washingtonpost.com,Polygender
445,Alecia,Hawkswood,ahawkswoodcc@sfgate.com,Polygender
446,Rafael,Compson,rcompsoncd@whitehouse.gov,Bigender
447,Dwight,Creigan,dcreigance@examiner.com,Non-binary
448,Hal,Schoffler,hschofflercf@paypal.com,Polygender
449,Madel,D'Elias,mdeliascg@businessweek.com,Female
450,Edmund,Camin,ecaminch@furl.net,Agender
451,Debee,Laybourn,dlaybournci@washingtonpost.com,Agender
452,Avictor,Dixson,adixsoncj@amazon.co.uk,Genderqueer
453,Eloise,Joder,ejoderck@cdbaby.com,Genderfluid
454,Wilhelmina,Wyne,wwynecl@mayoclinic.com,Bigender
455,Brittany,Calvard,bcalvardcm@sakura.ne.jp,Bigender
456,Carver,Knivett,cknivettcn@un.org,Polygender
457,Ambrose,Kenion,akenionco@theatlantic.com,Polygender
458,Kathryne,Ahren,kahrencp@tamu.edu,Male
459,Saundra,Boraston,sborastoncq@ted.com,Non-binary
460,Ely,Betz,ebetzcr@shareasale.com,Female
461,Zabrina,Fleming,zflemingcs@ibm.com,Bigender
462,Lucian,Ivetts,livettsct@nationalgeographic.com,Female
463,Giulietta,Ousley,gousleycu@harvard.edu,Male
464,Nickie,Brackenridge,nbrackenridgecv@behance.net,Agender
465,Washington,Brendeke,wbrendekecw@newsvine.com,Female
466,Nananne,Pichmann,npichmanncx@dropbox.com,Male
467,Annalee,Schaffel,aschaffelcy@paginegialle.it,Polygender
468,Janet,Goch,jgochcz@infoseek.co.jp,Genderqueer
469,Montague,Emerson,memersond0@slashdot.org,Genderfluid
470,Monro,Lintall,mlintalld1@home.pl,Polygender
471,Jessi,Kaszper,jkaszperd2@paginegialle.it,Polygender
472,Nanni,Seckom,nseckomd3@unesco.org,Female
473,Julie,Oxteby,joxtebyd4@samsung.com,Bigender
474,Maryanna,Dhennin,mdhennind5@histats.com,Non-binary
475,Sonni,Suerz,ssuerzd6@tumblr.com,Non-binary
476,Nelia,Winfred,nwinfredd7@is.gd,Bigender
477,Avivah,Sowle,asowled8@google.cn,Genderqueer
478,Bev,Winckles,bwincklesd9@wunderground.com,Bigender
479,Giovanni,Balnave,gbalnaveda@ustream.tv,Bigender
480,Jeanne,Vader,jvaderdb@redcross.org,Genderqueer
481,Anselm,Losano,alosanodc@aboutads.info,Non-binary
482,Franklyn,Brimelow,fbrimelowdd@nih.gov,Polygender
483,Andris,Ferrulli,aferrullide@spiegel.de,Polygender
484,Kamillah,Eaddy,keaddydf@ocn.ne.jp,Agender
485,Adria,Pleaden,apleadendg@npr.org,Male
486,Ellissa,Prandy,eprandydh@purevolume.com,Non-binary
487,Aundrea,Tsar,atsardi@ibm.com,Polygender
488,Tiffy,Good,tgooddj@nih.gov,Non-binary
489,Bogart,Sheach,bsheachdk@boston.com,Genderfluid
490,Sergent,Sillick,ssillickdl@dropbox.com,Genderfluid
491,Gar,Konneke,gkonnekedm@creativecommons.org,Polygender
492,Bastien,Attoc,battocdn@ameblo.jp,Polygender
493,Peggie,Babbage,pbabbagedo@drupal.org,Genderfluid
494,Bing,Hurne,bhurnedp@constantcontact.com,Genderfluid
495,Erroll,Chadbourne,echadbournedq@deliciousdays.com,Polygender
496,Putnem,Adshad,padshaddr@paypal.com,Polygender
497,Creigh,Mangham,cmanghamds@pbs.org,Bigender
498,Agnella,Nanninini,anannininidt@wikispaces.com,Non-binary
499,Chrissy,Studeart,cstudeartdu@alexa.com,Female
500,Caldwell,Richie,crichiedv@tripadvisor.com,Male
501,Ulick,Wallbanks,uwallbanksdw@facebook.com,Female
502,Regan,Pourvoieur,rpourvoieurdx@cdc.gov,Polygender
503,Drona,Corneck,dcorneckdy@seattletimes.com,Agender
504,Roderigo,Feek,rfeekdz@samsung.com,Agender
505,Arman,Blose,ablosee0@vk.com,Male
506,Tabbie,Nisby,tnisbye1@comcast.net,Bigender
507,Issiah,Lake,ilakee2@tumblr.com,Bigender
508,Niles,Bernardez,nbernardeze3@opera.com,Female
509,Simeon,Strick,sstricke4@about.com,Male
510,Zora,Clemenzi,zclemenzie5@amazonaws.com,Polygender
511,Jobie,Whiteman,jwhitemane6@miitbeian.gov.cn,Male
512,Dare,Ten Broek,dtenbroeke7@stanford.edu,Polygender
513,Hamil,Dunkerley,hdunkerleye8@cam.ac.uk,Genderqueer
514,Twila,Ninnotti,tninnottie9@blogtalkradio.com,Agender
515,Waylen,Winsborrow,wwinsborrowea@economist.com,Polygender
516,Nicholas,Murrigans,nmurriganseb@china.com.cn,Agender
517,Peirce,Christoffels,pchristoffelsec@so-net.ne.jp,Bigender
518,Cyndi,Kezar,ckezared@livejournal.com,Bigender
519,Blithe,Bees,bbeesee@pbs.org,Agender
520,Francklin,Yonge,fyongeef@hud.gov,Polygender
521,Cob,Klimowski,cklimowskieg@behance.net,Genderfluid
522,Nancy,Lamplugh,nlamplugheh@msn.com,Polygender
523,Caldwell,Muckeen,cmuckeenei@desdev.cn,Genderfluid
524,Alvis,Hebbard,ahebbardej@cnbc.com,Agender
525,Hercules,Knevett,hknevettek@istockphoto.com,Genderqueer
526,Domini,Maxworthy,dmaxworthyel@vk.com,Genderqueer
527,Shelba,Verlinden,sverlindenem@google.it,Agender
528,Kermit,Bartalin,kbartalinen@delicious.com,Female
529,Candi,Camm,ccammeo@elpais.com,Non-binary
530,Gabbie,Boshers,gboshersep@i2i.jp,Polygender
531,Dov,Ferrarini,dferrarinieq@mozilla.com,Genderqueer
532,Orland,Iacavone,oiacavoneer@go.com,Bigender
533,Selig,Gartsyde,sgartsydees@salon.com,Genderqueer
534,Roxine,Moreinu,rmoreinuet@ameblo.jp,Female
535,Alene,Garvagh,agarvagheu@army.mil,Male
536,Lucine,Temple,ltempleev@digg.com,Bigender
537,Gustaf,Slemming,gslemmingew@un.org,Agender
538,Jasmine,Elie,jelieex@blinklist.com,Polygender
539,Xenia,Picot,xpicotey@jiathis.com,Non-binary
540,Millicent,Whipple,mwhippleez@is.gd,Genderqueer
541,Mitchell,Exeter,mexeterf0@chronoengine.com,Agender
542,Sheela,Ramelet,srameletf1@simplemachines.org,Genderfluid
543,Franzen,Trimby,ftrimbyf2@spotify.com,Bigender
544,Cathyleen,Weddeburn,cweddeburnf3@cmu.edu,Genderqueer
545,Rhett,Hyndson,rhyndsonf4@foxnews.com,Male
546,Gaynor,Burdon,gburdonf5@netscape.com,Female
547,Terrance,Alcido,talcidof6@xing.com,Female
548,Cully,Gothliff,cgothlifff7@de.vu,Agender
549,Dorotea,Dispencer,ddispencerf8@mail.ru,Polygender
550,Blinny,Trumpeter,btrumpeterf9@mail.ru,Bigender
551,Leshia,Elcoat,lelcoatfa@nyu.edu,Bigender
552,Temple,Vannini,tvanninifb@indiatimes.com,Polygender
553,Beret,Fogt,bfogtfc@miibeian.gov.cn,Polygender
554,Orazio,Hand,ohandfd@unc.edu,Bigender
555,Catie,Scarborough,cscarboroughfe@phoca.cz,Bigender
556,Luisa,Faldo,lfaldoff@oakley.com,Male
557,Stacia,Khosa,skhosafg@whitehouse.gov,Polygender
558,Vicky,Tarplee,vtarpleefh@reddit.com,Male
559,Desdemona,Jaycock,djaycockfi@ucsd.edu,Agender
560,Annabal,Churchlow,achurchlowfj@reddit.com,Genderqueer
561,Ware,Emblin,wemblinfk@studiopress.com,Genderqueer
562,Hew,Neno,hnenofl@moonfruit.com,Non-binary
563,Bernelle,O'Duilleain,boduilleainfm@canalblog.com,Agender
564,Clyve,Danihelka,cdanihelkafn@un.org,Polygender
565,Abigale,Petlyura,apetlyurafo@trellian.com,Bigender
566,Marge,Cardon,mcardonfp@sun.com,Bigender
567,Audy,Sheerin,asheerinfq@jigsy.com,Agender
568,Jerald,Telfer,jtelferfr@furl.net,Polygender
569,Steward,Leale,slealefs@cisco.com,Genderqueer
570,Diandra,Weatherhead,dweatherheadft@diigo.com,Non-binary
571,Rana,Pilgram,rpilgramfu@nationalgeographic.com,Bigender
572,Vladimir,Roche,vrochefv@trellian.com,Genderfluid
573,Heall,Scole,hscolefw@wikimedia.org,Female
574,Clemmy,Milley,cmilleyfx@studiopress.com,Agender
575,Garv,Gurrado,ggurradofy@nbcnews.com,Bigender
576,Chrissy,Hattigan,chattiganfz@fastcompany.com,Genderqueer
577,Elise,Lambal,elambalg0@clickbank.net,Genderfluid
578,Chariot,Rheaume,crheaumeg1@fotki.com,Non-binary
579,Quintus,Mallabone,qmallaboneg2@vkontakte.ru,Male
580,Gretchen,Saylor,gsaylorg3@latimes.com,Genderfluid
581,Audry,Elmar,aelmarg4@webmd.com,Genderqueer
582,Herculie,Vellden,hvelldeng5@java.com,Genderqueer
583,Cyb,Filyakov,cfilyakovg6@hp.com,Non-binary
584,Armand,Stickings,astickingsg7@google.fr,Female
585,Mureil,Wolton,mwoltong8@fastcompany.com,Bigender
586,Maribel,McArdell,mmcardellg9@walmart.com,Male
587,Hymie,Self,hselfga@google.com.hk,Male
588,Myra,Gurko,mgurkogb@smugmug.com,Agender
589,Melisent,Dummett,mdummettgc@g.co,Genderfluid
590,Eduardo,Ellicombe,eellicombegd@creativecommons.org,Genderqueer
591,Adlai,Realph,arealphge@aboutads.info,Polygender
592,May,MacCoughen,mmaccoughengf@guardian.co.uk,Female
593,Angelina,Rayworth,arayworthgg@ucla.edu,Male
594,Gavin,Quickenden,gquickendengh@parallels.com,Male
595,Lavena,Quilleash,lquilleashgi@tmall.com,Polygender
596,Jessalyn,Wonfor,jwonforgj@ihg.com,Bigender
597,Bronson,Wagge,bwaggegk@seattletimes.com,Bigender
598,Cindee,Kibbel,ckibbelgl@jigsy.com,Polygender
599,Cristiano,Crummy,ccrummygm@t.co,Bigender
600,Daphne,Killbey,dkillbeygn@ucsd.edu,Female
601,Lorinda,Patriskson,lpatrisksongo@mit.edu,Polygender
602,Martainn,Phelip,mphelipgp@ocn.ne.jp,Male
603,Zaneta,Hanmore,zhanmoregq@yellowbook.com,Male
604,Aldin,Weaben,aweabengr@amazon.de,Female
605,Gratia,Goodrum,ggoodrumgs@disqus.com,Agender
606,Florentia,Pollendine,fpollendinegt@multiply.com,Polygender
607,Jyoti,Leggat,jleggatgu@digg.com,Male
608,Marsha,Meus,mmeusgv@patch.com,Male
609,Reeta,Cordelet,rcordeletgw@soup.io,Agender
610,Fayth,Kreutzer,fkreutzergx@weebly.com,Female
611,Lemuel,Conradsen,lconradsengy@list-manage.com,Genderfluid
612,Valma,Matthensen,vmatthensengz@deliciousdays.com,Non-binary
613,Doroteya,Waren,dwarenh0@wikia.com,Agender
614,Garreth,Durman,gdurmanh1@google.ca,Female
615,Antonella,Tomblings,atomblingsh2@nydailynews.com,Genderqueer
616,Tobie,Zoellner,tzoellnerh3@reddit.com,Genderfluid
617,Rustin,Jopp,rjopph4@mediafire.com,Polygender
618,Misha,Esh,meshh5@slate.com,Bigender
619,Aubry,Gosnay,agosnayh6@intel.com,Non-binary
620,Susanetta,Gwinnett,sgwinnetth7@cnn.com,Agender
621,Doralin,Moden,dmodenh8@storify.com,Genderfluid
622,Jeanine,O'Kieran,jokieranh9@deviantart.com,Bigender
623,Seward,Schirok,sschirokha@about.me,Female
624,Dode,Mart,dmarthb@imageshack.us,Genderqueer
625,Faith,Cowen,fcowenhc@live.com,Male
626,Bunnie,Brice,bbricehd@lycos.com,Genderfluid
627,Pru,Brettel,pbrettelhe@admin.ch,Agender
628,Boyd,McDougle,bmcdouglehf@mashable.com,Non-binary
629,Garey,Novotne,gnovotnehg@goo.gl,Agender
630,Philly,Hierro,phierrohh@toplist.cz,Agender
631,Egor,MacKegg,emackegghi@vkontakte.ru,Bigender
632,Marcelo,Bennit,mbennithj@webmd.com,Non-binary
633,Keene,Eck,keckhk@vistaprint.com,Agender
634,Gael,Byas,gbyashl@tripod.com,Bigender
635,Yardley,Frigout,yfrigouthm@amazon.co.jp,Female
636,Frankie,Whear,fwhearhn@cbslocal.com,Male
637,Adelind,Cowdry,acowdryho@stumbleupon.com,Genderqueer
638,Meggi,Redmond,mredmondhp@epa.gov,Non-binary
639,Antonin,Newns,anewnshq@t-online.de,Female
640,Hi,Leaf,hleafhr@histats.com,Genderfluid
641,Filippo,Savoury,fsavouryhs@illinois.edu,Agender
642,Di,Nancekivell,dnancekivellht@hp.com,Polygender
643,Ira,Bantick,ibantickhu@purevolume.com,Non-binary
644,Francois,Searsby,fsearsbyhv@netscape.com,Bigender
645,Alexei,Schruur,aschruurhw@buzzfeed.com,Male
646,Ada,Shanley,ashanleyhx@google.com.br,Male
647,Frederica,Teal,ftealhy@quantcast.com,Genderfluid
648,Kienan,Baford,kbafordhz@va.gov,Male
649,Worthy,Garvagh,wgarvaghi0@ehow.com,Bigender
650,Gaston,Robbey,grobbeyi1@washington.edu,Genderqueer
651,Cinda,Thirlaway,cthirlawayi2@behance.net,Bigender
652,Rachelle,Tilbury,rtilburyi3@histats.com,Genderqueer
653,Vivienne,Oddy,voddyi4@wsj.com,Female
654,Ericka,Clingan,eclingani5@1688.com,Genderqueer
655,Levey,Chrismas,lchrismasi6@ustream.tv,Male
656,Shantee,Almak,salmaki7@netlog.com,Agender
657,Scotti,Gino,sginoi8@yale.edu,Agender
658,Hyacinthia,Pirnie,hpirniei9@engadget.com,Genderfluid
659,Abdel,Dibden,adibdenia@networkadvertising.org,Bigender
660,Enriqueta,Bendelow,ebendelowib@google.it,Agender
661,Damara,Picopp,dpicoppic@merriam-webster.com,Female
662,Hubert,Dibsdale,hdibsdaleid@skyrock.com,Polygender
663,Alyce,Riche,aricheie@sciencedirect.com,Non-binary
664,Batholomew,Gately,bgatelyif@last.fm,Bigender
665,Hilda,Rupert,hrupertig@pcworld.com,Genderqueer
666,Puff,Midghall,pmidghallih@paypal.com,Bigender
667,Spencer,Velten,sveltenii@newyorker.com,Genderqueer
668,Lilias,Florentine,lflorentineij@cdc.gov,Male
669,Kelvin,Lauritsen,klauritsenik@cyberchimps.com,Genderfluid
670,Matthaeus,Pargeter,mpargeteril@freewebs.com,Non-binary
671,Matilda,Wyne,mwyneim@fema.gov,Agender
672,Cindy,Cleiment,ccleimentin@networksolutions.com,Genderfluid
673,Elfrieda,Maven,emavenio@wiley.com,Polygender
674,Bordy,Durand,bdurandip@liveinternet.ru,Male
675,Rhetta,Sissens,rsissensiq@xing.com,Female
676,Ulrika,Strainge,ustraingeir@netscape.com,Genderqueer
677,Freeland,Rigge,friggeis@example.com,Bigender
678,Hinze,Crosby,hcrosbyit@blogger.com,Genderfluid
679,Barron,Blanchard,bblanchardiu@goodreads.com,Agender
680,Tracy,Try,ttryiv@upenn.edu,Genderqueer
681,Tadio,Clarage,tclarageiw@comcast.net,Genderqueer
682,Beatrice,Kennford,bkennfordix@stumbleupon.com,Genderqueer
683,Haroun,Calwell,hcalwelliy@jiathis.com,Agender
684,Powell,Castelin,pcasteliniz@t.co,Agender
685,Nathanael,Mollon,nmollonj0@narod.ru,Genderqueer
686,Terencio,Jeschner,tjeschnerj1@businessinsider.com,Genderfluid
687,Shem,Gregoli,sgregolij2@dion.ne.jp,Genderqueer
688,Marion,Cornwall,mcornwallj3@ucoz.com,Agender
689,Kelvin,Gotecliffe,kgotecliffej4@java.com,Non-binary
690,Rouvin,De Bernardis,rdebernardisj5@fema.gov,Polygender
691,Hilario,Pavier,hpavierj6@surveymonkey.com,Bigender
692,Torey,McMeekin,tmcmeekinj7@auda.org.au,Agender
693,Everett,Golborn,egolbornj8@liveinternet.ru,Genderqueer
694,Kendell,Paton,kpatonj9@accuweather.com,Non-binary
695,Rowen,Daviddi,rdaviddija@washingtonpost.com,Genderfluid
696,Hamlin,Bromfield,hbromfieldjb@skyrock.com,Female
697,Cordell,Daudray,cdaudrayjc@zdnet.com,Polygender
698,Valeria,Pickthorn,vpickthornjd@google.cn,Female
699,Merrel,Gyde,mgydeje@walmart.com,Genderqueer
700,Eugenius,Sidey,esideyjf@t.co,Genderqueer
701,Katrinka,Bristow,kbristowjg@hubpages.com,Agender
702,Gwenore,Lorinez,glorinezjh@symantec.com,Genderqueer
703,Ianthe,de Wilde,idewildeji@pbs.org,Genderfluid
704,Helga,Inns,hinnsjj@naver.com,Polygender
705,Scott,Patrono,spatronojk@amazonaws.com,Bigender
706,Muffin,Holby,mholbyjl@nifty.com,Non-binary
707,Vivian,Haken,vhakenjm@cdc.gov,Agender
708,Dorrie,Tainton,dtaintonjn@imdb.com,Female
709,Jessy,Grinstead,jgrinsteadjo@goodreads.com,Genderfluid
710,Pate,Bottlestone,pbottlestonejp@whitehouse.gov,Polygender
711,Katti,Gravie,kgraviejq@sourceforge.net,Agender
712,Darda,Allain,dallainjr@ca.gov,Agender
713,Danny,Astman,dastmanjs@virginia.edu,Genderqueer
714,Chery,Keems,ckeemsjt@marketwatch.com,Genderfluid
715,Prisca,Struan,pstruanju@cnet.com,Non-binary
716,Yale,Twiddle,ytwiddlejv@mysql.com,Genderfluid
717,Chet,Verry,cverryjw@dyndns.org,Agender
718,Francene,Chittock,fchittockjx@google.co.jp,Agender
719,Ramsay,Compfort,rcompfortjy@dropbox.com,Non-binary
720,Sylvester,Stilldale,sstilldalejz@wp.com,Non-binary
721,Clementia,Chisnall,cchisnallk0@multiply.com,Genderqueer
722,Bobbee,Kilgallen,bkilgallenk1@privacy.gov.au,Male
723,Brett,Sayse,bsaysek2@de.vu,Non-binary
724,Carmel,MacAvddy,cmacavddyk3@bloglovin.com,Bigender
725,Florri,Clark,fclarkk4@ucoz.ru,Genderqueer
726,Cletis,Pleace,cpleacek5@scientificamerican.com,Non-binary
727,Andros,Christin,achristink6@yolasite.com,Non-binary
728,Leisha,Merrifield,lmerrifieldk7@parallels.com,Polygender
729,Iorgo,Cornwall,icornwallk8@bloglovin.com,Bigender
730,Madalyn,Fisbey,mfisbeyk9@alibaba.com,Agender
731,Nelie,Diano,ndianoka@gov.uk,Polygender
732,Pearle,Harridge,pharridgekb@ft.com,Genderqueer
733,Betsey,MacKnocker,bmacknockerkc@opera.com,Female
734,Flss,Cattermole,fcattermolekd@businesswire.com,Bigender
735,Wolfgang,Yurchenko,wyurchenkoke@earthlink.net,Bigender
736,Alric,Cuddehy,acuddehykf@dell.com,Genderfluid
737,Mary,Losbie,mlosbiekg@shinystat.com,Genderfluid
738,Brocky,Baudon,bbaudonkh@sina.com.cn,Polygender
739,Claudine,Scarfe,cscarfeki@freewebs.com,Polygender
740,Quintilla,Robatham,qrobathamkj@latimes.com,Bigender
741,Selle,Follen,sfollenkk@census.gov,Genderqueer
742,Daune,Korlat,dkorlatkl@mediafire.com,Non-binary
743,Dexter,Deboy,ddeboykm@shareasale.com,Genderqueer
744,Granny,Sallans,gsallanskn@techcrunch.com,Genderfluid
745,Janie,Neward,jnewardko@google.nl,Agender
746,Orville,Itzkin,oitzkinkp@weebly.com,Genderfluid
747,Sutherland,Tomasino,stomasinokq@un.org,Non-binary
748,Clemens,Stutt,cstuttkr@boston.com,Agender
749,Bennie,St Pierre,bstpierreks@craigslist.org,Bigender
750,Sharia,Heinz,sheinzkt@technorati.com,Non-binary
751,Morie,Shuker,mshukerku@twitter.com,Non-binary
752,Waverley,Guile,wguilekv@domainmarket.com,Polygender
753,Elias,Pountney,epountneykw@bbc.co.uk,Female
754,Gloria,Skirvin,gskirvinkx@redcross.org,Female
755,Manolo,MacHostie,mmachostieky@cbc.ca,Bigender
756,Jake,Hawker,jhawkerkz@youtube.com,Male
757,Karissa,Grunwall,kgrunwalll0@sbwire.com,Genderqueer
758,Barbi,Christopher,bchristopherl1@irs.gov,Genderqueer
759,Seamus,Darwen,sdarwenl2@discovery.com,Bigender
760,Kipp,Ackred,kackredl3@slashdot.org,Genderqueer
761,Omar,Gudgion,ogudgionl4@wufoo.com,Male
762,Alie,Lanfer,alanferl5@theglobeandmail.com,Female
763,Tanner,Bearfoot,tbearfootl6@squidoo.com,Genderqueer
764,Kat,Bensen,kbensenl7@list-manage.com,Agender
765,Nelli,Scole,nscolel8@about.me,Female
766,Norrie,Foulger,nfoulgerl9@amazon.com,Male
767,Court,Palfree,cpalfreela@trellian.com,Non-binary
768,Erena,Concannon,econcannonlb@nhs.uk,Female
769,Jasun,Cownden,jcowndenlc@mapy.cz,Female
770,Tommy,Teresi,tteresild@pinterest.com,Polygender
771,Earvin,Fazan,efazanle@mapy.cz,Male
772,Homerus,Vasser,hvasserlf@wikipedia.org,Agender
773,Devlen,Eveleigh,develeighlg@sphinn.com,Non-binary
774,Sharon,Towle,stowlelh@latimes.com,Non-binary
775,Emmeline,Josephov,ejosephovli@intel.com,Female
776,Quentin,Poge,qpogelj@usda.gov,Genderqueer
777,Mead,Billingsly,mbillingslylk@google.de,Male
778,Ginnie,Motton,gmottonll@privacy.gov.au,Bigender
779,Brooke,Bew,bbewlm@marriott.com,Polygender
780,Ewen,Kees,ekeesln@google.com.hk,Polygender
781,Yvor,Glasser,yglasserlo@tamu.edu,Male
782,Karlie,Norkutt,knorkuttlp@ucla.edu,Genderfluid
783,My,Klampk,mklampklq@cloudflare.com,Male
784,Charmine,Tilly,ctillylr@google.ca,Polygender
785,Nonah,Weben,nwebenls@accuweather.com,Genderfluid
786,Analiese,Ridde,ariddelt@usda.gov,Polygender
787,Yovonnda,Pitway,ypitwaylu@google.com.au,Bigender
788,Averyl,Mewrcik,amewrciklv@hexun.com,Non-binary
789,Sofie,Gazey,sgazeylw@sogou.com,Genderqueer
790,Cornela,Feehily,cfeehilylx@ow.ly,Male
791,Genni,Gaiter,ggaiterly@bandcamp.com,Male
792,Betti,Eldin,beldinlz@mozilla.com,Genderqueer
793,Faun,Kirsop,fkirsopm0@blogtalkradio.com,Bigender
794,Byrann,Wistance,bwistancem1@cmu.edu,Genderfluid
795,Sutherlan,Huckabe,shuckabem2@parallels.com,Agender
796,Poul,Rookledge,prookledgem3@netscape.com,Agender
797,Edwin,Pikesley,epikesleym4@skyrock.com,Bigender
798,Elsi,Jerzykiewicz,ejerzykiewiczm5@discovery.com,Genderqueer
799,Valeria,Lung,vlungm6@biglobe.ne.jp,Polygender
800,Mandy,Andriuzzi,mandriuzzim7@gov.uk,Bigender
801,Bennett,Addess,baddessm8@thetimes.co.uk,Polygender
802,Erena,Empringham,eempringhamm9@timesonline.co.uk,Male
803,Andee,Mauger,amaugerma@dailymotion.com,Non-binary
804,Billye,Ciric,bciricmb@seattletimes.com,Non-binary
805,Karilynn,Hugues,khuguesmc@timesonline.co.uk,Non-binary
806,Brana,Walthew,bwalthewmd@dot.gov,Genderqueer
807,Brunhilde,Blatchford,bblatchfordme@thetimes.co.uk,Female
808,Boyce,Mirams,bmiramsmf@cbslocal.com,Bigender
809,Domingo,Brann,dbrannmg@google.cn,Non-binary
810,Trever,Selwyn,tselwynmh@samsung.com,Female
811,Francisco,Lessmare,flessmaremi@youtube.com,Male
812,Orv,McNaught,omcnaughtmj@bandcamp.com,Non-binary
813,Calley,Borles,cborlesmk@furl.net,Male
814,Ingemar,Dand,idandml@t-online.de,Genderfluid
815,Lyndsie,Gobat,lgobatmm@so-net.ne.jp,Non-binary
816,Danika,Erb,derbmn@123-reg.co.uk,Genderqueer
817,Chandal,Renton,crentonmo@pbs.org,Female
818,Sig,Sibary,ssibarymp@narod.ru,Agender
819,Orelle,Elcum,oelcummq@simplemachines.org,Female
820,Christiana,McGeouch,cmcgeouchmr@patch.com,Female
821,Bonnibelle,Caselli,bcasellims@ihg.com,Polygender
822,Joella,Rene,jrenemt@sfgate.com,Genderfluid
823,Ladonna,Bootherstone,lbootherstonemu@addthis.com,Genderqueer
824,Bartholemy,Sang,bsangmv@cnn.com,Male
825,Louisa,Godsell,lgodsellmw@epa.gov,Non-binary
826,Omar,Greystoke,ogreystokemx@vistaprint.com,Female
827,Ladonna,Cleall,lcleallmy@meetup.com,Polygender
828,Dorthea,Klimus,dklimusmz@weather.com,Female
829,Keeley,McKinney,kmckinneyn0@angelfire.com,Bigender
830,Martina,Shenton,mshentonn1@parallels.com,Female
831,Shelia,Zorener,szorenern2@usa.gov,Bigender
832,Giustina,Briereton,gbrieretonn3@goo.gl,Bigender
833,Marna,Dunlea,mdunlean4@nationalgeographic.com,Genderfluid
834,Kiley,Dymidowicz,kdymidowiczn5@msn.com,Bigender
835,Angelique,Bamlett,abamlettn6@moonfruit.com,Agender
836,Ediva,Burndred,eburndredn7@noaa.gov,Bigender
837,Clemens,Sholl,csholln8@techcrunch.com,Bigender
838,Esma,Proudley,eproudleyn9@nsw.gov.au,Polygender
839,Martynne,Joris,mjorisna@cbc.ca,Male
840,Linn,McConnel,lmcconnelnb@scientificamerican.com,Polygender
841,Leticia,McMorran,lmcmorrannc@ustream.tv,Agender
842,Adrienne,Tett,atettnd@google.com.hk,Genderfluid
843,Jasun,Dhennin,jdhenninne@forbes.com,Genderqueer
844,Logan,Trudgian,ltrudgiannf@bluehost.com,Polygender
845,Fulton,Furniss,ffurnissng@technorati.com,Female
846,Shanna,Lambdin,slambdinnh@fda.gov,Genderfluid
847,Carolee,Diggens,cdiggensni@icio.us,Agender
848,Karlyn,Hetterich,khetterichnj@amazonaws.com,Genderfluid
849,Mariann,Osmond,mosmondnk@narod.ru,Female
850,Omero,Forty,ofortynl@skype.com,Genderfluid
851,Adair,Edger,aedgernm@google.es,Female
852,Rory,todor,rtodornn@xing.com,Non-binary
853,Cortney,Gresswood,cgresswoodno@mac.com,Male
854,Kelsey,Fundell,kfundellnp@harvard.edu,Genderfluid
855,Selena,Matevushev,smatevushevnq@newsvine.com,Genderfluid
856,Jenelle,Copo,jcoponr@blogs.com,Bigender
857,Kiri,Probbin,kprobbinns@edublogs.org,Agender
858,Corrinne,Dilks,cdilksnt@artisteer.com,Genderfluid
859,Cheryl,Cowthard,ccowthardnu@ed.gov,Genderfluid
860,Vikky,Sargood,vsargoodnv@java.com,Bigender
861,Ali,Maggiori,amaggiorinw@barnesandnoble.com,Female
862,Thornie,Ivanin,tivaninnx@freewebs.com,Male
863,Sheff,Humber,shumberny@storify.com,Bigender
864,Llewellyn,Lynthal,llynthalnz@discuz.net,Genderfluid
865,Lyn,Tamblyn,ltamblyno0@mlb.com,Genderqueer
866,Brendin,Size,bsizeo1@nih.gov,Polygender
867,Larry,Tellenbrok,ltellenbroko2@tinypic.com,Genderqueer
868,Joya,Cunde,jcundeo3@csmonitor.com,Genderfluid
869,Ethelda,Gilberthorpe,egilberthorpeo4@salon.com,Male
870,Benni,Biers,bbierso5@illinois.edu,Agender
871,Wendell,Fashion,wfashiono6@yandex.ru,Non-binary
872,Alyss,Tickel,atickelo7@cmu.edu,Female
873,Ches,Margett,cmargetto8@moonfruit.com,Polygender
874,Jacqueline,McPhate,jmcphateo9@cocolog-nifty.com,Female
875,Dorothy,Goldsbrough,dgoldsbroughoa@sourceforge.net,Male
876,Humfrid,Scroggins,hscrogginsob@sbwire.com,Male
877,Minny,McIlharga,mmcilhargaoc@qq.com,Agender
878,Phil,Eede,peedeod@ucoz.com,Polygender
879,Collete,Garmon,cgarmonoe@vimeo.com,Agender
880,Sallyann,Bensen,sbensenof@businessweek.com,Genderfluid
881,Verena,Timberlake,vtimberlakeog@xinhuanet.com,Polygender
882,Frazer,Clines,fclinesoh@rambler.ru,Genderqueer
883,Claudell,Kempston,ckempstonoi@addthis.com,Agender
884,Didi,Ramos,dramosoj@delicious.com,Agender
885,Joyce,Henmarsh,jhenmarshok@digg.com,Genderfluid
886,Aldridge,Oldroyd,aoldroydol@ycombinator.com,Agender
887,Cass,Averies,caveriesom@tamu.edu,Non-binary
888,Mort,Cabotto,mcabottoon@cdc.gov,Polygender
889,Ossie,Wylie,owylieoo@indiatimes.com,Genderfluid
890,Teodoro,Diggles,tdigglesop@netvibes.com,Genderfluid
891,Hettie,Volante,hvolanteoq@cdc.gov,Genderqueer
892,Alaine,O'Leary,aolearyor@imdb.com,Non-binary
893,Grantham,Turtle,gturtleos@slideshare.net,Genderfluid
894,Abie,Sawter,asawterot@unesco.org,Non-binary
895,Sergent,Dawtre,sdawtreou@telegraph.co.uk,Agender
896,Carol,McAsgill,cmcasgillov@princeton.edu,Genderqueer
897,Ardenia,Waulker,awaulkerow@blinklist.com,Polygender
898,Benedick,Leeming,bleemingox@blogs.com,Male
899,Maurizia,Lantuffe,mlantuffeoy@dropbox.com,Agender
900,Cynthia,Pigrome,cpigromeoz@nyu.edu,Female
901,Pierce,Dablin,pdablinp0@reddit.com,Genderfluid
902,Aleda,Manilo,amanilop1@cam.ac.uk,Agender
903,Ripley,Fuxman,rfuxmanp2@usa.gov,Non-binary
904,Win,Alcido,walcidop3@wikia.com,Polygender
905,Susannah,McLice,smclicep4@wikipedia.org,Polygender
906,Emilee,Baumford,ebaumfordp5@addthis.com,Male
907,Delores,Loveredge,dloveredgep6@ftc.gov,Genderqueer
908,Wyn,Kedie,wkediep7@discuz.net,Female
909,Saloma,Doornbos,sdoornbosp8@bravesites.com,Agender
910,Elyse,Clowsley,eclowsleyp9@simplemachines.org,Agender
911,Corey,Tuffs,ctuffspa@edublogs.org,Male
912,Orlan,Grinikhin,ogrinikhinpb@netlog.com,Genderfluid
913,Tobiah,Kinker,tkinkerpc@cocolog-nifty.com,Female
914,Perceval,Tidd,ptiddpd@weather.com,Genderqueer
915,Tristan,Van der Kruijs,tvanderkruijspe@mediafire.com,Male
916,Manon,Cecere,mcecerepf@va.gov,Genderfluid
917,Brandea,Mapples,bmapplespg@cyberchimps.com,Genderqueer
918,Beatrix,Matthewson,bmatthewsonph@vk.com,Polygender
919,Hilton,Le Guin,hleguinpi@alexa.com,Male
920,Shalom,Talbot,stalbotpj@zimbio.com,Non-binary
921,Laina,Prantoni,lprantonipk@cbslocal.com,Non-binary
922,Gabriel,MacSharry,gmacsharrypl@usnews.com,Male
923,Kirby,Sisneros,ksisnerospm@reference.com,Male
924,Aleda,Leaman,aleamanpn@networksolutions.com,Bigender
925,Gerrie,Killich,gkillichpo@tripadvisor.com,Bigender
926,Sandy,Whittam,swhittampp@ihg.com,Male
927,Lilli,Ebbett,lebbettpq@livejournal.com,Non-binary
928,Tracy,Attersoll,tattersollpr@theatlantic.com,Polygender
929,Stevena,Dominec,sdominecps@youtu.be,Polygender
930,Margie,Larvin,mlarvinpt@amazon.co.uk,Agender
931,Garvey,Mawer,gmawerpu@sciencedaily.com,Non-binary
932,Robert,Wraight,rwraightpv@cbc.ca,Non-binary
933,Addy,Yearne,ayearnepw@storify.com,Genderqueer
934,Eleonore,Reckhouse,ereckhousepx@cpanel.net,Male
935,Waylan,Risby,wrisbypy@fema.gov,Genderfluid
936,Cob,Oughton,coughtonpz@digg.com,Male
937,Marie-ann,Allatt,mallattq0@smh.com.au,Genderqueer
938,Jonell,Dutt,jduttq1@tripadvisor.com,Agender
939,Larina,Bernade,lbernadeq2@furl.net,Non-binary
940,Cosimo,Sherville,cshervilleq3@miitbeian.gov.cn,Polygender
941,Mallissa,Allewell,mallewellq4@tumblr.com,Bigender
942,Barbabra,Czadla,bczadlaq5@kickstarter.com,Genderqueer
943,Antoni,Hurley,ahurleyq6@nba.com,Agender
944,Barny,Mole,bmoleq7@parallels.com,Genderfluid
945,Nadia,Saph,nsaphq8@shop-pro.jp,Genderqueer
946,Calida,Farran,cfarranq9@nhs.uk,Female
947,Riobard,Pugh,rpughqa@mail.ru,Agender
948,Elonore,Gisbourn,egisbournqb@phpbb.com,Genderfluid
949,Vassili,Larkworthy,vlarkworthyqc@narod.ru,Female
950,Dur,Hutchinges,dhutchingesqd@cyberchimps.com,Bigender
951,Inger,Potier,ipotierqe@chronoengine.com,Genderfluid
952,Ilka,Redley,iredleyqf@hexun.com,Non-binary
953,Murial,Santhouse,msanthouseqg@so-net.ne.jp,Genderqueer
954,Giorgio,Fernant,gfernantqh@360.cn,Non-binary
955,Anica,Butt Gow,abuttgowqi@surveymonkey.com,Agender
956,Norry,Smurfit,nsmurfitqj@desdev.cn,Bigender
957,Luisa,Seaman,lseamanqk@goodreads.com,Polygender
958,Eleen,Dunton,eduntonql@sciencedaily.com,Non-binary
959,Friederike,O'Loughane,foloughaneqm@washingtonpost.com,Polygender
960,Wolfgang,Benoix,wbenoixqn@hatena.ne.jp,Non-binary
961,Latrena,Cleveley,lcleveleyqo@mit.edu,Bigender
962,Benito,Schleswig-Holstein,bschleswigholsteinqp@topsy.com,Female
963,Jorrie,Machel,jmachelqq@reverbnation.com,Male
964,Lorens,Littlejohn,llittlejohnqr@bbb.org,Polygender
965,Mirabella,Driffe,mdriffeqs@instagram.com,Non-binary
966,Merilee,Broun,mbrounqt@moonfruit.com,Genderqueer
967,Joella,Swansborough,jswansboroughqu@dyndns.org,Genderqueer
968,Steven,Boon,sboonqv@japanpost.jp,Genderfluid
969,Ariadne,Peterson,apetersonqw@wordpress.org,Non-binary
970,Consalve,Thal,cthalqx@posterous.com,Agender
971,Tierney,McCrohon,tmccrohonqy@newsvine.com,Non-binary
972,Cleon,Lorkings,clorkingsqz@reuters.com,Non-binary
973,Faythe,Sharville,fsharviller0@studiopress.com,Polygender
974,Lynna,Allder,lallderr1@reuters.com,Female
975,Aeriel,Fairall,afairallr2@arstechnica.com,Genderfluid
976,Clint,Paffley,cpaffleyr3@wikispaces.com,Male
977,Oby,Coyish,ocoyishr4@noaa.gov,Agender
978,Russ,Corstorphine,rcorstorphiner5@mysql.com,Bigender
979,Redford,Vassall,rvassallr6@epa.gov,Polygender
980,Rozamond,Cooling,rcoolingr7@blogs.com,Bigender
981,Ebenezer,Autry,eautryr8@lulu.com,Agender
982,Seward,Benns,sbennsr9@php.net,Polygender
983,Emilio,Corner,ecornerra@unblog.fr,Genderfluid
984,Pamella,Masterman,pmastermanrb@mtv.com,Genderqueer
985,Mirna,Cordier,mcordierrc@indiatimes.com,Agender
986,Addie,Lucian,alucianrd@engadget.com,Male
987,Corabella,Esberger,cesbergerre@bizjournals.com,Genderqueer
988,Arlen,Claxton,aclaxtonrf@netscape.com,Genderqueer
989,Alejandra,Youngs,ayoungsrg@domainmarket.com,Female
990,Grant,Smeall,gsmeallrh@chronoengine.com,Male
991,Ronald,Farmiloe,rfarmiloeri@virginia.edu,Female
992,Cherilyn,Bambury,cbamburyrj@microsoft.com,Genderqueer
993,Denni,Duffield,dduffieldrk@msu.edu,Genderfluid
994,Othelia,Ipsly,oipslyrl@jiathis.com,Non-binary
995,Charis,Blewmen,cblewmenrm@unblog.fr,Genderqueer
996,Osmond,Juarez,ojuarezrn@wisc.edu,Agender
997,Nikolos,Farrent,nfarrentro@bravesites.com,Agender
998,Kerrin,Hein,kheinrp@google.co.jp,Bigender
999,Leicester,Manilove,lmaniloverq@senate.gov,Polygender
1000,Amalia,Gore,agorerr@japanpost.jp,Genderqueer
